{"cameraMode":{"drawMode":0,"name":"Shaded","section":"Shading Mode"},"sceneLighting":true,"audioPlay":false,"sceneViewState":{"m_AlwaysRefresh":false,"showFog":true,"showSkybox":true,"showFlares":true,"showImageEffects":true,"showParticleSystems":true,"showVisualEffectGraphs":true,"m_FxEnabled":true},"in2DMode":false,"pivot":{"x":0.30408918857574465,"y":0.9814804792404175,"z":90.10501861572266},"rotation":{"x":0.10578801482915878,"y":-0.4198801815509796,"z":0.049351394176483157,"w":0.9000415205955505},"size":0.3503955602645874,"orthographic":false}